date;idBoutique;produit;montantHt
2024-02-02;B02;Souris;11.90
2024-03-03;B03;Ecran;12.90
2024-04-04;B04;Casque;13.90
2024-05-05;B05;Webcam;14.90
2024-06-06;B06;Cable;15.90
2024-07-07;B07;Chargeur;16.90
2024-08-08;B08;Enceinte;17.90
2024-09-09;B09;Clavier;18.90
2024-10-10;B10;Souris;19.90
2024-11-11;B01;Ecran;20.90
2024-12-12;B02;Casque;21.90
2024-01-13;B03;Webcam;22.90
2024-02-14;B04;Cable;23.90
2024-03-15;B05;Chargeur;24.90
2024-04-16;B06;Enceinte;25.90
2024-05-17;B07;Clavier;26.90
2024-06-18;B08;Souris;27.90
2024-07-19;B09;Ecran;28.90
2024-08-20;B10;Casque;29.90
2024-09-21;B01;Webcam;30.90
2024-10-22;B02;Cable;31.90
2024-11-23;B03;Chargeur;32.90
2024-12-24;B04;Enceinte;33.90
2024-01-25;B05;Clavier;34.90
2024-02-26;B06;Souris;35.90
2024-03-27;B07;Ecran;36.90
2024-04-28;B08;Casque;37.90
2024-05-01;B09;Webcam;38.90
2024-06-02;B10;Cable;39.90
2024-07-03;B01;Chargeur;40.90
2024-08-04;B02;Enceinte;41.90
2024-09-05;B03;Clavier;42.90
2024-10-06;B04;Souris;43.90
2024-11-07;B05;Ecran;44.90
2024-12-08;B06;Casque;45.90
2024-01-09;B07;Webcam;46.90
2024-02-10;B08;Cable;47.90
2024-03-11;B09;Chargeur;48.90
2024-04-12;B10;Enceinte;49.90
2024-05-13;B01;Clavier;50.90
2024-06-14;B02;Souris;51.90
2024-07-15;B03;Ecran;52.90
2024-08-16;B04;Casque;53.90
2024-09-17;B05;Webcam;54.90
2024-10-18;B06;Cable;55.90
2024-11-19;B07;Chargeur;56.90
2024-12-20;B08;Enceinte;57.90
2024-01-21;B09;Clavier;58.90
2024-02-22;B10;Souris;59.90
2024-03-23;B01;Ecran;60.90
2024-04-24;B02;Casque;61.90
2024-05-25;B03;Webcam;62.90
2024-06-26;B04;Cable;63.90
2024-07-27;B05;Chargeur;64.90
2024-08-28;B06;Enceinte;65.90
2024-09-01;B07;Clavier;66.90
2024-10-02;B08;Souris;67.90
2024-11-03;B09;Ecran;68.90
2024-12-04;B10;Casque;69.90
2024-01-05;B01;Webcam;70.90
2024-02-06;B02;Cable;71.90
2024-03-07;B03;Chargeur;72.90
2024-04-08;B04;Enceinte;73.90
2024-05-09;B05;Clavier;74.90
2024-06-10;B06;Souris;75.90
2024-07-11;B07;Ecran;76.90
2024-08-12;B08;Casque;77.90
2024-09-13;B09;Webcam;78.90
2024-10-14;B10;Cable;79.90
2024-11-15;B01;Chargeur;80.90
2024-12-16;B02;Enceinte;81.90
2024-01-17;B03;Clavier;82.90
2024-02-18;B04;Souris;83.90
2024-03-19;B05;Ecran;84.90
2024-04-20;B06;Casque;85.90
2024-05-21;B07;Webcam;86.90
2024-06-22;B08;Cable;87.90
2024-07-23;B09;Chargeur;88.90
2024-08-24;B10;Enceinte;89.90
2024-09-25;B01;Clavier;90.90
2024-10-26;B02;Souris;91.90
2024-11-27;B03;Ecran;92.90
2024-12-28;B04;Casque;93.90
2024-01-01;B05;Webcam;94.90
2024-02-02;B06;Cable;95.90
2024-03-03;B07;Chargeur;96.90
2024-04-04;B08;Enceinte;97.90
2024-05-05;B09;Clavier;98.90
2024-06-06;B10;Souris;99.90
2024-07-07;B01;Ecran;100.90
2024-08-08;B02;Casque;101.90
2024-09-09;B03;Webcam;102.90
2024-10-10;B04;Cable;103.90
2024-11-11;B05;Chargeur;104.90
2024-12-12;B06;Enceinte;105.90
2024-01-13;B07;Clavier;106.90
2024-02-14;B08;Souris;107.90
2024-03-15;B09;Ecran;108.90
2024-04-16;B10;Casque;109.90
2024-05-17;B01;Webcam;110.90
2024-06-18;B02;Cable;111.90
2024-07-19;B03;Chargeur;112.90
2024-08-20;B04;Enceinte;113.90
2024-09-21;B05;Clavier;114.90
2024-10-22;B06;Souris;115.90
2024-11-23;B07;Ecran;116.90
2024-12-24;B08;Casque;117.90
2024-01-25;B09;Webcam;118.90
2024-02-26;B10;Cable;119.90
2024-03-27;B01;Chargeur;120.90
2024-04-28;B02;Enceinte;121.90
2024-05-01;B03;Clavier;122.90
2024-06-02;B04;Souris;123.90
2024-07-03;B05;Ecran;124.90
2024-08-04;B06;Casque;125.90
2024-09-05;B07;Webcam;126.90
2024-10-06;B08;Cable;127.90
2024-11-07;B09;Chargeur;128.90
2024-12-08;B10;Enceinte;129.90
2024-01-09;B01;Clavier;130.90
2024-02-10;B02;Souris;131.90
2024-03-11;B03;Ecran;132.90
2024-04-12;B04;Casque;133.90
2024-05-13;B05;Webcam;134.90
2024-06-14;B06;Cable;135.90
2024-07-15;B07;Chargeur;136.90
2024-08-16;B08;Enceinte;137.90
2024-09-17;B09;Clavier;138.90
2024-10-18;B10;Souris;139.90
2024-11-19;B01;Ecran;140.90
2024-12-20;B02;Casque;141.90
2024-01-21;B03;Webcam;142.90
2024-02-22;B04;Cable;143.90
2024-03-23;B05;Chargeur;144.90
2024-04-24;B06;Enceinte;145.90
2024-05-25;B07;Clavier;146.90
2024-06-26;B08;Souris;147.90
2024-07-27;B09;Ecran;148.90
2024-08-28;B10;Casque;149.90
2024-09-01;B01;Webcam;150.90
2024-10-02;B02;Cable;151.90
2024-11-03;B03;Chargeur;152.90
2024-12-04;B04;Enceinte;153.90
2024-01-05;B05;Clavier;154.90
2024-02-06;B06;Souris;155.90
2024-03-07;B07;Ecran;156.90
2024-04-08;B08;Casque;157.90
2024-05-09;B09;Webcam;158.90
2024-06-10;B10;Cable;159.90
2024-07-11;B01;Chargeur;160.90
2024-08-12;B02;Enceinte;161.90
2024-09-13;B03;Clavier;162.90
2024-10-14;B04;Souris;163.90
2024-11-15;B05;Ecran;164.90
2024-12-16;B06;Casque;165.90
2024-01-17;B07;Webcam;166.90
2024-02-18;B08;Cable;167.90
2024-03-19;B09;Chargeur;168.90
2024-04-20;B10;Enceinte;169.90
2024-05-21;B01;Clavier;170.90
2024-06-22;B02;Souris;171.90
2024-07-23;B03;Ecran;172.90
2024-08-24;B04;Casque;173.90
2024-09-25;B05;Webcam;174.90
2024-10-26;B06;Cable;175.90
2024-11-27;B07;Chargeur;176.90
2024-12-28;B08;Enceinte;177.90
2024-01-01;B09;Clavier;178.90
2024-02-02;B10;Souris;179.90
2024-03-03;B01;Ecran;180.90
2024-04-04;B02;Casque;181.90
2024-05-05;B03;Webcam;182.90
2024-06-06;B04;Cable;183.90
2024-07-07;B05;Chargeur;184.90
2024-08-08;B06;Enceinte;185.90
2024-09-09;B07;Clavier;186.90
2024-10-10;B08;Souris;187.90
2024-11-11;B09;Ecran;188.90
2024-12-12;B10;Casque;189.90
2024-01-13;B01;Webcam;190.90
2024-02-14;B02;Cable;191.90
2024-03-15;B03;Chargeur;192.90
2024-04-16;B04;Enceinte;193.90
2024-05-17;B05;Clavier;194.90
2024-06-18;B06;Souris;195.90
2024-07-19;B07;Ecran;196.90
2024-08-20;B08;Casque;197.90
2024-09-21;B09;Webcam;198.90
2024-10-22;B10;Cable;199.90
2024-11-23;B01;Chargeur;200.90
2024-12-24;B02;Enceinte;201.90
2024-01-25;B03;Clavier;202.90
2024-02-26;B04;Souris;203.90
2024-03-27;B05;Ecran;204.90
2024-04-28;B06;Casque;205.90
2024-05-01;B07;Webcam;206.90
2024-06-02;B08;Cable;207.90
2024-07-03;B09;Chargeur;208.90
2024-08-04;B10;Enceinte;209.90
2024-09-05;B01;Clavier;210.90
2024-10-06;B02;Souris;211.90
2024-11-07;B03;Ecran;212.90
2024-12-08;B04;Casque;213.90
2024-01-09;B05;Webcam;214.90
2024-02-10;B06;Cable;215.90
2024-03-11;B07;Chargeur;216.90
2024-04-12;B08;Enceinte;217.90
2024-05-13;B09;Clavier;218.90
2024-06-14;B10;Souris;219.90
2024-07-15;B01;Ecran;220.90
2024-08-16;B02;Casque;221.90
2024-09-17;B03;Webcam;222.90
2024-10-18;B04;Cable;223.90
2024-11-19;B05;Chargeur;224.90
2024-12-20;B06;Enceinte;225.90
2024-01-21;B07;Clavier;226.90
2024-02-22;B08;Souris;227.90
2024-03-23;B09;Ecran;228.90
2024-04-24;B10;Casque;229.90
2024-05-25;B01;Webcam;230.90
2024-06-26;B02;Cable;231.90
2024-07-27;B03;Chargeur;232.90
2024-08-28;B04;Enceinte;233.90
2024-09-01;B05;Clavier;234.90
2024-10-02;B06;Souris;235.90
2024-11-03;B07;Ecran;236.90
2024-12-04;B08;Casque;237.90
2024-01-05;B09;Webcam;238.90
2024-02-06;B10;Cable;239.90
2024-03-07;B01;Chargeur;240.90
2024-04-08;B02;Enceinte;241.90
2024-05-09;B03;Clavier;242.90
2024-06-10;B04;Souris;243.90
2024-07-11;B05;Ecran;244.90
2024-08-12;B06;Casque;245.90
2024-09-13;B07;Webcam;246.90
2024-10-14;B08;Cable;247.90
2024-11-15;B09;Chargeur;248.90
2024-12-16;B10;Enceinte;249.90
2024-01-17;B01;Clavier;250.90
2024-02-18;B02;Souris;251.90
2024-03-19;B03;Ecran;252.90
2024-04-20;B04;Casque;253.90
2024-05-21;B05;Webcam;254.90
2024-06-22;B06;Cable;255.90
2024-07-23;B07;Chargeur;256.90
2024-08-24;B08;Enceinte;257.90
2024-09-25;B09;Clavier;258.90
2024-10-26;B10;Souris;259.90
2024-11-27;B01;Ecran;260.90
2024-12-28;B02;Casque;261.90
2024-01-01;B03;Webcam;262.90
2024-02-02;B04;Cable;263.90
2024-03-03;B05;Chargeur;264.90
2024-04-04;B06;Enceinte;265.90
2024-05-05;B07;Clavier;266.90
2024-06-06;B08;Souris;267.90
2024-07-07;B09;Ecran;268.90
2024-08-08;B10;Casque;269.90
2024-09-09;B01;Webcam;270.90
2024-10-10;B02;Cable;271.90
2024-11-11;B03;Chargeur;272.90
2024-12-12;B04;Enceinte;273.90
2024-01-13;B05;Clavier;274.90
2024-02-14;B06;Souris;275.90
2024-03-15;B07;Ecran;276.90
2024-04-16;B08;Casque;277.90
2024-05-17;B09;Webcam;278.90
2024-06-18;B10;Cable;279.90
2024-07-19;B01;Chargeur;280.90
2024-08-20;B02;Enceinte;281.90
2024-09-21;B03;Clavier;282.90
2024-10-22;B04;Souris;283.90
2024-11-23;B05;Ecran;284.90
2024-12-24;B06;Casque;285.90
2024-01-25;B07;Webcam;286.90
2024-02-26;B08;Cable;287.90
2024-03-27;B09;Chargeur;288.90
2024-04-28;B10;Enceinte;289.90
2024-05-01;B01;Clavier;290.90
2024-06-02;B02;Souris;291.90
2024-07-03;B03;Ecran;292.90
2024-08-04;B04;Casque;293.90
2024-09-05;B05;Webcam;294.90
2024-10-06;B06;Cable;295.90
2024-11-07;B07;Chargeur;296.90
2024-12-08;B08;Enceinte;297.90
2024-01-09;B09;Clavier;298.90
2024-02-10;B10;Souris;299.90
2024-03-11;B01;Ecran;300.90
2024-04-12;B02;Casque;301.90
2024-05-13;B03;Webcam;302.90
2024-06-14;B04;Cable;303.90
2024-07-15;B05;Chargeur;304.90
2024-08-16;B06;Enceinte;305.90
2024-09-17;B07;Clavier;306.90
2024-10-18;B08;Souris;307.90
2024-11-19;B09;Ecran;308.90
2024-12-20;B10;Casque;309.90
2024-01-21;B01;Webcam;310.90
2024-02-22;B02;Cable;311.90
2024-03-23;B03;Chargeur;312.90
2024-04-24;B04;Enceinte;313.90
2024-05-25;B05;Clavier;314.90
2024-06-26;B06;Souris;315.90
2024-07-27;B07;Ecran;316.90
2024-08-28;B08;Casque;317.90
2024-09-01;B09;Webcam;318.90
2024-10-02;B10;Cable;319.90
2024-11-03;B01;Chargeur;320.90
2024-12-04;B02;Enceinte;321.90
2024-01-05;B03;Clavier;322.90
2024-02-06;B04;Souris;323.90
2024-03-07;B05;Ecran;324.90
2024-04-08;B06;Casque;325.90
2024-05-09;B07;Webcam;326.90
2024-06-10;B08;Cable;327.90
2024-07-11;B09;Chargeur;328.90
2024-08-12;B10;Enceinte;329.90
2024-09-13;B01;Clavier;330.90
2024-10-14;B02;Souris;331.90
2024-11-15;B03;Ecran;332.90
2024-12-16;B04;Casque;333.90
2024-01-17;B05;Webcam;334.90
2024-02-18;B06;Cable;335.90
2024-03-19;B07;Chargeur;336.90
2024-04-20;B08;Enceinte;337.90
2024-05-21;B09;Clavier;338.90
2024-06-22;B10;Souris;339.90
2024-07-23;B01;Ecran;340.90
2024-08-24;B02;Casque;341.90
2024-09-25;B03;Webcam;342.90
2024-10-26;B04;Cable;343.90
2024-11-27;B05;Chargeur;344.90
2024-12-28;B06;Enceinte;345.90
2024-01-01;B07;Clavier;346.90
2024-02-02;B08;Souris;347.90
2024-03-03;B09;Ecran;348.90
2024-04-04;B10;Casque;349.90
2024-05-05;B01;Webcam;350.90
2024-06-06;B02;Cable;351.90
2024-07-07;B03;Chargeur;352.90
2024-08-08;B04;Enceinte;353.90
2024-09-09;B05;Clavier;354.90
2024-10-10;B06;Souris;355.90
2024-11-11;B07;Ecran;356.90
2024-12-12;B08;Casque;357.90
2024-01-13;B09;Webcam;358.90
2024-02-14;B10;Cable;359.90
2024-03-15;B01;Chargeur;360.90
2024-04-16;B02;Enceinte;361.90
2024-05-17;B03;Clavier;362.90
2024-06-18;B04;Souris;363.90
2024-07-19;B05;Ecran;364.90
2024-08-20;B06;Casque;365.90
2024-09-21;B07;Webcam;366.90
2024-10-22;B08;Cable;367.90
2024-11-23;B09;Chargeur;368.90
2024-12-24;B10;Enceinte;369.90
2024-01-25;B01;Clavier;370.90
2024-02-26;B02;Souris;371.90
2024-03-27;B03;Ecran;372.90
2024-04-28;B04;Casque;373.90
2024-05-01;B05;Webcam;374.90
2024-06-02;B06;Cable;375.90
2024-07-03;B07;Chargeur;376.90
2024-08-04;B08;Enceinte;377.90
2024-09-05;B09;Clavier;378.90
2024-10-06;B10;Souris;379.90
2024-11-07;B01;Ecran;380.90
2024-12-08;B02;Casque;381.90
2024-01-09;B03;Webcam;382.90
2024-02-10;B04;Cable;383.90
2024-03-11;B05;Chargeur;384.90
2024-04-12;B06;Enceinte;385.90
2024-05-13;B07;Clavier;386.90
2024-06-14;B08;Souris;387.90
2024-07-15;B09;Ecran;388.90
2024-08-16;B10;Casque;389.90
2024-09-17;B01;Webcam;390.90
2024-10-18;B02;Cable;391.90
2024-11-19;B03;Chargeur;392.90
2024-12-20;B04;Enceinte;393.90
2024-01-21;B05;Clavier;394.90
2024-02-22;B06;Souris;395.90
2024-03-23;B07;Ecran;396.90
2024-04-24;B08;Casque;397.90
2024-05-25;B09;Webcam;398.90
2024-06-26;B10;Cable;399.90
2024-07-27;B01;Chargeur;400.90
2024-08-28;B02;Enceinte;401.90
2024-09-01;B03;Clavier;402.90
2024-10-02;B04;Souris;403.90
2024-11-03;B05;Ecran;404.90
2024-12-04;B06;Casque;405.90
2024-01-05;B07;Webcam;406.90
2024-02-06;B08;Cable;407.90
2024-03-07;B09;Chargeur;408.90
2024-04-08;B10;Enceinte;409.90
2024-05-09;B01;Clavier;410.90
2024-06-10;B02;Souris;411.90
2024-07-11;B03;Ecran;412.90
2024-08-12;B04;Casque;413.90
2024-09-13;B05;Webcam;414.90
2024-10-14;B06;Cable;415.90
2024-11-15;B07;Chargeur;416.90
2024-12-16;B08;Enceinte;417.90
2024-01-17;B09;Clavier;418.90
2024-02-18;B10;Souris;419.90
2024-03-19;B01;Ecran;420.90
2024-04-20;B02;Casque;421.90
2024-05-21;B03;Webcam;422.90
2024-06-22;B04;Cable;423.90
2024-07-23;B05;Chargeur;424.90
2024-08-24;B06;Enceinte;425.90
2024-09-25;B07;Clavier;426.90
2024-10-26;B08;Souris;427.90
2024-11-27;B09;Ecran;428.90
2024-12-28;B10;Casque;429.90
2024-01-01;B01;Webcam;430.90
2024-02-02;B02;Cable;431.90
2024-03-03;B03;Chargeur;432.90
2024-04-04;B04;Enceinte;433.90
2024-05-05;B05;Clavier;434.90
2024-06-06;B06;Souris;435.90
2024-07-07;B07;Ecran;436.90
2024-08-08;B08;Casque;437.90
2024-09-09;B09;Webcam;438.90
2024-10-10;B10;Cable;439.90
2024-11-11;B01;Chargeur;440.90
2024-12-12;B02;Enceinte;441.90
2024-01-13;B03;Clavier;442.90
2024-02-14;B04;Souris;443.90
2024-03-15;B05;Ecran;444.90
2024-04-16;B06;Casque;445.90
2024-05-17;B07;Webcam;446.90
2024-06-18;B08;Cable;447.90
2024-07-19;B09;Chargeur;448.90
2024-08-20;B10;Enceinte;449.90
2024-09-21;B01;Clavier;450.90
2024-10-22;B02;Souris;451.90
2024-11-23;B03;Ecran;452.90
2024-12-24;B04;Casque;453.90
2024-01-25;B05;Webcam;454.90
2024-02-26;B06;Cable;455.90
2024-03-27;B07;Chargeur;456.90
2024-04-28;B08;Enceinte;457.90
2024-05-01;B09;Clavier;458.90
2024-06-02;B10;Souris;459.90
2024-07-03;B01;Ecran;460.90
2024-08-04;B02;Casque;461.90
2024-09-05;B03;Webcam;462.90
2024-10-06;B04;Cable;463.90
2024-11-07;B05;Chargeur;464.90
2024-12-08;B06;Enceinte;465.90
2024-01-09;B07;Clavier;466.90
2024-02-10;B08;Souris;467.90
2024-03-11;B09;Ecran;468.90
2024-04-12;B10;Casque;469.90
2024-05-13;B01;Webcam;470.90
2024-06-14;B02;Cable;471.90
2024-07-15;B03;Chargeur;472.90
2024-08-16;B04;Enceinte;473.90
2024-09-17;B05;Clavier;474.90
2024-10-18;B06;Souris;475.90
2024-11-19;B07;Ecran;476.90
2024-12-20;B08;Casque;477.90
2024-01-21;B09;Webcam;478.90
2024-02-22;B10;Cable;479.90
2024-03-23;B01;Chargeur;480.90
2024-04-24;B02;Enceinte;481.90
2024-05-25;B03;Clavier;482.90
2024-06-26;B04;Souris;483.90
2024-07-27;B05;Ecran;484.90
2024-08-28;B06;Casque;485.90
2024-09-01;B07;Webcam;486.90
2024-10-02;B08;Cable;487.90
2024-11-03;B09;Chargeur;488.90
2024-12-04;B10;Enceinte;489.90
2024-01-05;B01;Clavier;490.90
2024-02-06;B02;Souris;491.90
2024-03-07;B03;Ecran;492.90
2024-04-08;B04;Casque;493.90
2024-05-09;B05;Webcam;494.90
2024-06-10;B06;Cable;495.90
2024-07-11;B07;Chargeur;496.90
2024-08-12;B08;Enceinte;497.90
2024-09-13;B09;Clavier;498.90
2024-10-14;B10;Souris;499.90
2024-11-15;B01;Ecran;10.90
2024-12-16;B02;Casque;11.90
2024-01-17;B03;Webcam;12.90
2024-02-18;B04;Cable;13.90
2024-03-19;B05;Chargeur;14.90
2024-04-20;B06;Enceinte;15.90
2024-05-21;B07;Clavier;16.90
2024-06-22;B08;Souris;17.90
2024-07-23;B09;Ecran;18.90
2024-08-24;B10;Casque;19.90
2024-09-25;B01;Webcam;20.90
